trial,actualRadius,guess
1,0.49088919708374656,larger
2,0.48096073764787234,larger
