ID,age,gender,hand,trial,sphereOne,sphereTwo,sphereThree,sphereFour,sphereFive,sphereSix,sphereSeven,sphereEight,sphereDistance, sphereAverageRadius,probeStartingRadius,probeAnswerRadius,probeScaleFactor,probeResponseTime,probeResponseOverTimeLimit
34,ageTest,genderTest,handTest,1,(1.3325211026921275;2.953467337729999;4;0.32949473957151687),(0.9908597673031923;3.892174141811811;4;0.2828876733819828),(-0.06978127499059178;4.331506046339432;4;0.357776179085885),(-0.9591197337848684;3.926211160611996;4;0.20765766971054142),(-1.3331302602085215;2.9767301247502886;4;0.25396649166702545),(-0.9751382688255608;2.090668853250002;4;0.32093794533393133),(0.09300863165883362;1.6699145996535676;4;0.3790010044669671),(0.9428090415820631;2.0571909584179364;4;0.38274603583676625),4,0.31430846738182705,0.31628271157165677,0.30122163006824454,0.9523809523809523,5.0013954,1
34,ageTest,genderTest,handTest,2,(2.6666666666666665;3.0;8;0.3742731783435693),(1.9817195346063845;4.784348283623622;8;0.2693232504620814),(0.18601726331766727;5.660170800692864;8;0.3298278608233361),(-1.9182394675697367;4.852422321223992;8;0.27512914530939225),(-2.6601708006928644;2.8139827366823327;8;0.34285980876338473),(-2.0427851816506077;1.285899707502562;8;0.38197921894879816),(-0.1860172633176682;0.3398291993071356;8;0.25597375680957135),(1.818662293499996;1.0497234623488791;8;0.38789132966446693),8,0.32715719364057505,0.2815154842831339,0.2681099850315561,0.9523809523809523,5.0001914,1
34,ageTest,genderTest,handTest,3,(1.9987816540381915;2.930201006594998;6;0.3226494865664298),(1.4142135623730951;4.414213562373095;6;0.2944570975943818),(-0.06979899340500191;4.998781654038192;6;0.298559539696761),(-1.3121180579810143;4.509419160445544;6;0.3940010938973589),(-1.9951281005196484;3.1395129474882513;6;0.28081532964737),(-1.5094191604455443;1.687881942018986;6;0.28215761793689215),(0.06979899340500256;1.0012183459618085;6;0.30204560205441255),(1.4862896509547885;1.6617387872822837;6;0.37553063160021954),6,0.3187770498742282,0.31409065848418644,0.258403162043952,0.8227024747918819,2.0620811000000003,0
