ID,age,gender,hand,trial,sphereOne,sphereTwo,sphereThree,sphereFour,sphereFive,sphereSix,sphereSeven,sphereEight,sphereDistance, sphereAverageRadius,probeStartingRadius,probeAnswerRadius,probeScaleFactor,probeResponseTime,probeResponseOverTimeLimit
22,ageTest,genderTest,handTest,1,(1.9972590695091477;3.1046719124858875;6;0.35123481759105757),(1.363996720124997;4.4627074032383405;6;0.21684606384499897),(-0.10467191248588768;4.9972590695091474;6;0.2690548805479154),(-1.2855752193730787;4.532088886237956;6;0.2703257418421229),(-2.0;3.0000000000000004;6;0.3210708493528912),(-1.285575219373079;1.4679111137620442;6;0.31897202763534743),(-0.06979899340500152;1.0012183459618085;6;0.28213348830743157),(1.4142135623730947;1.5857864376269046;6;0.3939411968422987),6,0.30294738324550796,0.30088188182228176,0.30088188182228176,1.0,5.0017084999999994,1
22,ageTest,genderTest,handTest,2,(2.665042205384255;3.0930653245400026;8;0.38980162429752374),(1.950276537651121;4.818662293499996;8;0.3389617873452075),(-0.23241531399375528;5.656519194911321;8;0.3432514202206521),(-1.950276537651121;4.818662293499996;8;0.22673683377763593),(-2.656519194911321;3.232415313993755;8;0.3097523915659298),(-2.012558880594059;1.2505092560253146;8;0.2124190579840136),(-4.898587196589412e-16;0.3333333333333335;8;0.27039872662311415),(1.7843482836236206;1.0182804653936146;8;0.3812881763908313),8,0.3090762522756135,0.33858228628651316,0.33858228628651316,1.0,5.0006009,1
22,ageTest,genderTest,handTest,3,(1.3331302602085215;2.9767301247502886;4;0.30472246639134176),(0.9908597673031923;3.892174141811811;4;0.29720621185692553),(-0.09300863165883377;4.330085400346432;4;0.3849460755106162),(-0.9262111606119965;3.959119733784868;4;0.3950204379670467),(-1.3300854003464322;3.093008631658834;4;0.2812861901692333),(-0.909331146749998;2.0248617311744397;4;0.2863889731146453),(-2.449293598294706e-16;1.6666666666666667;4;0.2561273429865376),(0.857050146248719;1.978607409174696;4;0.2951972547666925),4,0.3126118690953799,0.3411739649571506,0.3411739649571506,1.0,5.000477099999998,1
