ID,age,gender,hand,trial,sphereOne,sphereTwo,sphereThree,sphereFour,sphereFive,sphereSix,sphereSeven,sphereEight,sphereDistance, sphereAverageRadius,probeStartingRadius,probeAnswerRadius,probeScaleFactor,probeResponseTime
15,ageTest,genderTest,handTest,1,(1.992389396183491;2.8256885145046837;6;0.2564002764136109),(1.3893167409179945;4.438679600677302;6;0.2076645680172169),(0.06979899340500216;4.998781654038192;6;0.35062246007611253),(-1.3121180579810143;4.509419160445544;6;0.24752743977468977),(-1.9987816540381915;2.930201006594998;6;0.3942910162742718),(-1.3893167409179945;1.5613203993226976;6;0.380614707774961),(-0.13951294748825116;1.0048718994803516;6;0.33171861364767175),(1.4627074032383414;1.6360032798750035;6;0.20787586717867598),6,0.29708936864465135,0.31199644010126754,1.0,0.31199644010126754
15,ageTest,genderTest,handTest,2,(1.992389396183491;3.1743114854953163;6;0.258749431679656),(1.509419160445544;4.3121180579810146;6;0.3235697914971867),(-0.06979899340500191;4.998781654038192;6;0.2137410642190215),(-1.414213562373095;4.414213562373095;6;0.31300587069356467),(-1.992389396183491;3.1743114854953163;6;0.2998132360140041),(-1.3121180579810146;1.490580839554456;6;0.20277139244135803),(0.13951294748825044;1.0048718994803514;6;0.35696618056822227),(1.2855752193730785;1.4679111137620438;6;0.2598194938486504),6,0.2785545576202079,0.2609468532558932,4.116135595381588,1.074092631189398
