ID,age,gender,hand,height,trial,sphereOne,sphereTwo,sphereThree,sphereFour,sphereFive,sphereSix,sphereSeven,sphereEight,sphereDistance, sphereAverageRadius,probeStartingRadius,probeAnswerRadius,probeScaleFactor,probeResponseTime,probeResponseOverTimeLimit
46,ageTest,genderTest,handTest,1.6023459434509277,1,(3.199512624500452;1.658193644050235;16;0.33560454182898247),(2.2229067854687914;3.904233304534612;16;0.35088232210550563),(-0.22322071598120108;4.7945509042823655;16;0.24099771153736171),(-2.378063441527661;3.7435638837992746;16;0.38427234232062374),(-3.1956145112146364;1.4348708834735082;16;0.2613700241419458),(-2.1823947521999956;-0.737985901730418;16;0.3559498278353101),(-0.22322071598120186;-1.58985901738051;16;0.3796229363020892),(2.0993888927696225;-0.8127247132619435;16;0.2451658256076322),16,0.31923319145993134,0.3400660952969248,0.3400660952969248,1.0,0.04454209999999925,0
46,ageTest,genderTest,handTest,1.6023459434509277,2,(1.9972590695091477;1.7070178559368154;10;0.3458176989902756),(1.363996720124997;3.0650533466892687;10;0.3170052818122163),(-0.034904812874566954;3.6020413337637103;10;0.3112756095405995),(-1.2855752193730787;3.1344348296888835;10;0.39894509544830536),(-1.992389396183491;1.776657428946244;10;0.3626290207700264),(-1.5094191604455443;0.2902278854699136;10;0.2227052310095388),(0.17431148549531578;-0.39004345273256336;10;0.3616939491222548),(1.4142135623730947;0.18813238107783237;10;0.23407700911912743),10,0.319268611976543,0.3180435355723251,0.3180435355723251,1.0,0.16669809999999963,0
46,ageTest,genderTest,handTest,1.6023459434509277,3,(0.7980512402078594;1.5465407644556275;4;0.24278899512018182),(0.5353044850870866;2.196861803832843;4;0.3735043213937708),(4.898587196589413e-17;2.4023459434509276;4;0.36777674145121153),(-0.575471840270921;2.1580726398181254;4;0.3576680653006806),(-0.7980512402078594;1.6581511224462282;4;0.3749730083643366),(-0.6128355544951825;1.0881158557016963;4;0.296609771697198),(0.06972459419812631;0.8053901849775312;4;0.24047589977291012),(0.5142300877492314;0.9895103889557452;4;0.38399917152636687),4,0.32972449682833205,0.34219475622207574,0.34219475622207574,1.0,0.1555407000000013,0
