ID,age,gender,hand,trial,sphereOne,sphereTwo,sphereThree,sphereFour,sphereFive,sphereSix,sphereSeven,sphereEight,sphereDistance, sphereAverageRadius,probeStartingRadius,probeAnswerRadius,probeScaleFactor,probeResponseTime
14,ageTest,genderTest,handTest,1,(1.9972590695091477;3.1046719124858875;6;0.2994891382138391),(1.4862896509547885;4.3382612127177165;6;0.23822968188259452),(0.17431148549531628;4.992389396183491;6;0.32157058724665827),(-1.462707403238341;4.363996720124997;6;0.32116230795886624),(-1.9972590695091477;3.1046719124858875;6;0.25082787526593203),(-1.4386796006773022;1.6106832590820055;6;0.39049624514057857),(-0.1743114854953165;1.007610603816509;6;0.37150910776725743),(1.5094191604455438;1.6878819420189852;6;0.32647193620042847),6,0.31496960995951934,0.2907301117315951,1.0,0.2907301117315951
14,ageTest,genderTest,handTest,2,(2.0;3.0;6;0.2932706724926526),(1.2855752193730787;4.532088886237956;6;0.21746773794837101),(-0.13951294748825066;4.995128100519649;6;0.24699552967615063),(-1.462707403238341;4.363996720124997;6;0.22456113628636876),(-1.992389396183491;3.1743114854953163;6;0.3667832017048944),(-1.4142135623730954;1.585786437626905;6;0.2996281788844305),(0.13951294748825044;1.0048718994803514;6;0.2958006209534576),(1.5320888862379556;1.7144247806269208;6;0.327287190198454),6,0.2839742835180975,0.31527893603926005,6.704751154404438,2.1138668103686316
