ID,age,gender,hand,trial,sphereOne,sphereTwo,sphereThree,sphereFour,sphereFive,sphereSix,sphereSeven,sphereEight,sphereDistance, sphereAverageRadius,probeStartingRadius,probeAnswerRadius,probeScaleFactor,probeResponseTime
10,ageTest,genderTest,handTest,1,(1.4386796006773017;1.6106832590820048;6;0.3436786922511478),0.286627858083741,0.311827106672355,0.311827106672355,1.0,0.3168111
10,ageTest,genderTest,handTest,2,(1.4627074032383414;1.6360032798750035;6;0.39934909490498466),0.31184542099181445,0.3200242762379519,0.3200242762379519,1.0,0.6331272000000006
