ID,age,gender,hand,trial,sphereOne,sphereTwo,sphereThree,sphereFour,sphereFive,sphereSix,sphereSeven,sphereEight,sphereDistance, sphereAverageRadius,probeStartingRadius,probeAnswerRadius,probeScaleFactor,probeResponseTime,probeResponseOverTimeLimit
18,ageTest,genderTest,handTest,1,(1.992389396183491;3.1743114854953163;6;0.26077937324688827),(1.4142135623730951;4.414213562373095;6;0.3731669297447594),(0.0349048128745672;4.999695390312782;6;0.3608520052567121),(-1.2855752193730787;4.532088886237956;6;0.2878411085580201),(-1.9951281005196484;2.8604870525117496;6;0.3492139522058386),(-1.4142135623730954;1.585786437626905;6;0.36031431829695915),(-0.034904812874566996;1.0003046096872175;6;0.3850830313525927),(1.4862896509547885;1.6617387872822837;6;0.2645418017895248),6,0.33022406505641194,0.2892527495691922,0.6314024766541941,2.1828745883819374,5.0171119,0
18,ageTest,genderTest,handTest,2,(1.9996953903127825;2.965095187125433;6;0.23418122108191688),(1.462707403238341;4.363996720124997;6;0.2820053940686809),(-0.06979899340500191;4.998781654038192;6;0.2588148581888626),(-1.3639967201249967;4.462707403238341;6;0.30245137899274216),(-1.9972590695091477;2.895328087514113;6;0.37048748708392126),(-1.532088886237956;1.7144247806269215;6;0.28740533767078025),(0.06979899340500256;1.0012183459618085;6;0.24649523586907984),(1.5094191604455438;1.6878819420189852;6;0.2594103073085209),6,0.28015640253306306,0.34963784565550227,0.7632155684180019,2.1828745883819374,2.2168785,0
