ID,age,gender,hand,trial,sphereOne,sphereTwo,sphereThree,sphereFour,sphereFive,sphereSix,sphereSeven,sphereEight,sphereDistance, sphereAverageRadius,probeStartingRadius,probeAnswerRadius,probeScaleFactor,probeResponseTime,probeResponseOverTimeLimit
39,ageTest,genderTest,handTest,1,(2.6666666666666665;0.0;8;0.3197936348491032),(2.0427851816506077;1.714100292497438;8;0.30563209742332365),(-0.23241531399375528;2.656519194911321;8;0.2143774055108712),(-1.9182394675697367;1.8524223212239923;8;0.30763668354283613),(-2.6601708006928644;0.18601726331766805;8;0.3515930597713861),(-1.8856180831641272;-1.8856180831641265;8;0.22225555349030346),(0.18601726331766724;-2.660170800692865;8;0.38681246257210455),(1.714100292497438;-2.042785181650608;8;0.3350739561793215),8,0.3053968566674062,0.3258349395308876,0.3242138701799877,0.9950248756218907,5.002135899999999,1
39,ageTest,genderTest,handTest,2,(1.992389396183491;-0.17431148549531633;6;0.20374083518444008),(1.462707403238341;1.363996720124997;6;0.22658379770086032),(0.13951294748825047;1.9951281005196484;6;0.34161923196063215),(-1.4386796006773026;1.3893167409179943;6;0.35084228213226615),(-1.992389396183491;-0.1743114854953159;6;0.35207342101263756),(-1.3382612127177163;-1.4862896509547887;6;0.23975848119906468),(-0.1743114854953165;-1.992389396183491;6;0.2860429534903355),(1.4627074032383414;-1.3639967201249965;6;0.3512710301637527),6,0.2939915041054987,0.2681676302917887,0.27357134229358804,1.0201505006249996,2.9395869999999995,0
39,ageTest,genderTest,handTest,3,(1.3331302602085215;-0.023269875249711348;4;0.2355589424513982),(0.9262111606119963;0.9591197337848683;4;0.21769549062593882),(-0.046532662270001274;1.3325211026921275;4;0.20270864325560978),(-0.9262111606119965;0.959119733784868;4;0.3558002414045037),(-1.3282595974556606;0.11620765699687759;4;0.3628106536075969),(-1.0213925908253039;-0.857050146248719;4;0.3322912968114453),(0.11620765699687718;-1.3282595974556606;4;0.36867245861240605),(0.909331146749998;-0.9751382688255604;4;0.2919908674090963),4,0.29594107427224936,0.325218991560052,0.6505167490824246,2.0002421936121957,2.786558000000001,0
