ID,age,gender,hand,trial,sphereOne,sphereTwo,sphereThree,sphereFour,sphereFive,sphereSix,sphereSeven,sphereEight,sphereDistance, sphereAverageRadius,probeStartingRadius,probeAnswerRadius,probeScaleFactor,probeResponseTime,probeResponseOverTimeLimit
32,ageTest,genderTest,handTest,1,(1.3325211026921275;3.046532662270001;4;0.2306245694500073),(1.0062794402970292;3.874745371987343;4;0.38258619551554884),(0.023269875249711462;4.333130260208522;4;0.3772224078240542),(-0.8747453719873428;4.006279440297029;4;0.35455178394110193),(-1.3331302602085215;3.0232698752497114;4;0.24421916942538635),(-0.9262111606119963;2.0408802662151317;4;0.22678107875931297),(-0.0930086316588341;1.6699145996535678;4;0.2157654033705886),(1.0062794402970292;2.125254628012657;4;0.22459781123800052),4,0.28204355244050006,0.29899803902888233,0.32964533802934276,1.1025,5.0019255000000005,1
32,ageTest,genderTest,handTest,2,(1.992389396183491;3.1743114854953163;6;0.23806262235398643),(1.532088886237956;4.2855752193730785;6;0.3056218080238978),(0.13951294748825047;4.995128100519649;6;0.25301750484047064),(-1.3639967201249967;4.462707403238341;6;0.36548418620832934),(-1.9987816540381915;3.0697989934050023;6;0.29401184663657187),(-1.285575219373079;1.4679111137620442;6;0.3557009035373216),(0.13951294748825044;1.0048718994803514;6;0.268008032996877),(1.4862896509547885;1.6617387872822837;6;0.24445066602057294),6,0.29054469632725344,0.25453209685693534,0.2806216367847712,1.1025,5.000265499999999,1
32,ageTest,genderTest,handTest,3,(2.665042205384255;3.0930653245400026;8;0.2616019819065572),(2.0125588805940584;4.749490743974686;8;0.25965736645974974),(0.09306532454000288;5.665042205384255;8;0.36100981677736466),(-1.784348283623622;4.981719534606384;8;0.23482954264719205),(-2.665042205384255;2.9069346754599974;8;0.35829923182215995),(-1.918239467569736;1.1475776787760075;8;0.23094424651581785),(0.09306532454000341;0.33495779461574493;8;0.38350140698476015),(1.8524223212239925;1.081760532430264;8;0.2453079068496519),8,0.29189393749540665,0.29146084456578575,0.29146084456578575,1.0,5.0004192,1
