ID,age,gender,hand,trial,sphereOne,sphereTwo,sphereThree,sphereFour,sphereFive,sphereSix,sphereSeven,sphereEight,sphereDistance, sphereAverageRadius,probeStartingRadius,probeAnswerRadius,probeScaleFactor,probeResponseTime,probeResponseOverTimeLimit
27,ageTest,genderTest,handTest,1,(1.3331302602085215;2.9767301247502886;4;0.3599440807400861),(1.0062794402970292;3.874745371987343;4;0.22302238253258885),(-0.06978127499059178;4.331506046339432;4;0.35628467188801494),(-0.8747453719873428;4.006279440297029;4;0.3177809336655826),(-1.3282595974556606;3.1162076569968775;4;0.3581250670335565),(-0.909331146749998;2.0248617311744397;4;0.24660837654945222),(0.11620765699687718;1.6717404025443394;4;0.3229885570791669),(0.8747453719873427;1.9937205597029704;4;0.2567640146865281),4,0.305189760521872,0.28268997384933026,0.28268997384933026,1.0,3.9018336,0
27,ageTest,genderTest,handTest,2,(1.9996953903127825;2.965095187125433;6;0.2710425652854072),(1.3382612127177165;4.486289650954788;6;0.22208542185223115),(0.17431148549531628;4.992389396183491;6;0.3680876940374059),(-1.462707403238341;4.363996720124997;6;0.206575617497217),(-1.9996953903127825;2.9650951871254327;6;0.38754206734571756),(-1.3121180579810146;1.490580839554456;6;0.3422301250201319),(0.10467191248588789;1.0027409304908523;6;0.20101880407146894),(1.4627074032383414;1.6360032798750035;6;0.21358625139899148),6,0.27652106831357137,0.2951880122094581,0.2951880122094581,1.0,0.30646549999999984,0
27,ageTest,genderTest,handTest,3,(2.6601708006928644;2.8139827366823327;8;0.26450986789532865),(1.9182394675697365;4.852422321223992;8;0.20908848399998725),(-0.09306532454000255;5.665042205384255;8;0.32364063727431663),(-1.852422321223993;4.918239467569736;8;0.23342484966835936),(-2.665042205384255;3.093065324540003;8;0.2177891925188649),(-2.0427851816506077;1.285899707502562;8;0.32755581480009643),(-0.1860172633176682;0.3398291993071356;8;0.3105749431554009),(1.9817195346063845;1.2156517163763785;8;0.25757790352854426),8,0.2680202116051123,0.3154661819982205,0.3154661819982205,1.0,0.3484475999999983,0
