ID,age,gender,hand,trial,sphereOne,sphereTwo,sphereThree,sphereFour,sphereFive,sphereSix,sphereSeven,sphereEight,sphereDistance, sphereAverageRadius,probeStartingRadius,probeAnswerRadius,probeScaleFactor,probeResponseTime
11,ageTest,genderTest,handTest,1,(1.9972590695091477;2.8953280875141125;6;0.3655877310111805),(1.2855752193730787;4.532088886237956;6;0.35363762542769334),(-0.13951294748825066;4.995128100519649;6;0.3745034907481569),(-1.3639967201249967;4.462707403238341;6;0.20064772122563443),(-1.992389396183491;2.825688514504684;6;0.22431117361298547),(-1.3382612127177163;1.5137103490452113;6;0.3092962195070209),(-0.1743114854953165;1.007610603816509;6;0.27983495129710073),(1.3382612127177156;1.5137103490452108;6;0.2489931874201395),0.29460151253123895,0.29303770205798035,0.29303770205798035,1.0,0.33255769999999996
11,ageTest,genderTest,handTest,2,(1.9951281005196484;2.8604870525117496;6;0.22786341161197746),(1.3893167409179945;4.438679600677302;6;0.24770687950046222),(0.06979899340500216;4.998781654038192;6;0.24317769372097175),(-1.2855752193730787;4.532088886237956;6;0.22596102166765586),(-1.9987816540381915;2.930201006594998;6;0.29072073067259835),(-1.285575219373079;1.4679111137620442;6;0.25856504784328393),(0.13951294748825044;1.0048718994803514;6;0.37020201965343147),(1.4627074032383414;1.6360032798750035;6;0.2148519935345945),0.2598810997756219,0.3478802062722548,0.3478802062722548,1.0,0.33192140000000014
