ID,age,gender,hand,trial,sphereOne,sphereTwo,sphereThree,sphereFour,sphereFive,sphereSix,sphereSeven,sphereEight,sphereDistance, sphereAverageRadius,probeStartingRadius,probeAnswerRadius,probeScaleFactor,probeResponseTime,probeResponseOverTimeLimit
28,ageTest,genderTest,handTest,1,(1.992389396183491;3.1743114854953163;6;0.3619306431799476),(1.363996720124997;4.4627074032383405;6;0.2220769838756336),(-0.034904812874566954;4.999695390312782;6;0.26888593008245637),(-1.462707403238341;4.363996720124997;6;0.391100089892183),(-1.9972590695091477;3.1046719124858875;6;0.3931136376255883),(-1.3893167409179945;1.5613203993226976;6;0.2914695496472194),(-3.6739403974420594e-16;1.0;6;0.20914771761278603),(1.312118057981014;1.4905808395544555;6;0.357460242885251),6,0.3118980993501332,0.2515781140122622,0.2515781140122622,1.0,5.0016018,1
28,ageTest,genderTest,handTest,2,(1.3300854003464322;2.906991368341166;4;0.21946247792715468),(0.9591197337848683;3.926211160611996;4;0.2995520904668573),(-0.09300863165883377;4.330085400346432;4;0.24433936914869106),(-1.0213925908253039;3.857050146248719;4;0.37436524568981056),(-1.3282595974556606;2.883792343003123;4;0.2985168754692823),(-0.874745371987343;1.9937205597029708;4;0.23277699689612238),(-0.04653266227000101;1.6674788973078725;4;0.35146637842533696),(0.857050146248719;1.978607409174696;4;0.20712615593285078),4,0.2784506987445133,0.30876335642323655,0.30876335642323655,1.0,5.000520099999999,1
28,ageTest,genderTest,handTest,3,(2.656519194911321;3.232415313993755;8;0.35377234692175363),(1.950276537651121;4.818662293499996;8;0.34693818519776887),(-0.18601726331766755;5.660170800692864;8;0.34380598559491543),(-1.9817195346063843;4.784348283623622;8;0.2136571490505227),(-2.656519194911321;3.232415313993755;8;0.25174834413464914),(-1.8856180831641272;1.1143819168358735;8;0.3291027348983526),(-4.898587196589412e-16;0.3333333333333335;8;0.26813181360876226),(1.7843482836236206;1.0182804653936146;8;0.2949686123671166),8,0.30026564647173015,0.28823966340682433,0.28823966340682433,1.0,5.000503499999997,1
