ID,age,gender,hand,trial,sphereOne,sphereTwo,sphereThree,sphereFour,sphereFive,sphereSix,sphereSeven,sphereEight,sphereDistance, sphereAverageRadius,probeStartingRadius,probeAnswerRadius,probeScaleFactor,probeResponseTime
13,ageTest,genderTest,handTest,1,(1.9996953903127825;2.965095187125433;6;0.3580649814328496),(1.3382612127177165;4.486289650954788;6;0.23884789347939295),(0.17431148549531628;4.992389396183491;6;0.34154080361429184),(-1.414213562373095;4.414213562373095;6;0.3230370402052382),(-1.992389396183491;3.1743114854953163;6;0.3860482349425693),(-1.4627074032383411;1.6360032798750033;6;0.31020811174747914),(-0.034904812874566996;1.0003046096872175;6;0.2433013604547528),(1.3639967201249972;1.5372925967616593;6;0.36105674533177046),[0.17431148549531628, 4.992389396183491, 6, 0.34154080361429184],0.32026314640104303,0.3060607471975996,3.5556726879443583,1.0882518396623477
13,ageTest,genderTest,handTest,2,(1.9972590695091477;3.1046719124858875;6;0.22620715381128853),(1.3121180579810146;4.509419160445544;6;0.28076263016800634),(0.13951294748825047;4.995128100519649;6;0.2995511368074888),(-1.509419160445544;4.3121180579810146;6;0.3601216549356471),(-1.9996953903127825;2.9650951871254327;6;0.30615423504217293),(-1.4862896509547885;1.6617387872822835;6;0.2569938149026836),(-0.06979899340500152;1.0012183459618085;6;0.3359832146657165),(1.3382612127177156;1.5137103490452108;6;0.237468859174437),[0.13951294748825047, 4.995128100519649, 6, 0.2995511368074888],0.2879053374384301,0.34271829809568155,1.0,0.34271829809568155
