ID,age,gender,hand,trial,sphereOne,sphereTwo,sphereThree,sphereFour,sphereFive,sphereSix,sphereSeven,sphereEight,sphereDistance, sphereAverageRadius,probeStartingRadius,probeAnswerRadius,probeScaleFactor,probeResponseTime,probeResponseOverTimeLimit
21,ageTest,genderTest,handTest,1,(1.9951281005196484;3.1395129474882504;6;0.33996372052752943),(1.532088886237956;4.2855752193730785;6;0.36400287258661795),(0.17431148549531628;4.992389396183491;6;0.21241884362464522),(-1.462707403238341;4.363996720124997;6;0.37836747193511777),(-1.992389396183491;3.1743114854953163;6;0.32040437170704283),(-1.4862896509547885;1.6617387872822835;6;0.32305831692273335),(-0.1743114854953165;1.007610603816509;6;0.25161603711322694),(1.3639967201249972;1.5372925967616593;6;0.30143346368136065),6,0.3114081372622843,0.3326918573602203,0.3326918573602203,1.0,5.0020828,1
21,ageTest,genderTest,handTest,2,(2.666260520417043;3.0465397504994227;8;0.34245612154216665),(2.0427851816506077;4.714100292497438;8;0.21690101577852125),(-0.09306532454000255;5.665042205384255;8;0.38691136998208087),(-2.0427851816506077;4.714100292497438;8;0.37543938384892966),(-2.6666666666666665;3.0000000000000004;8;0.3177130498759932),(-1.818662293499996;1.049723462348879;8;0.302934346001556),(0.13956254998118384;0.3369879073211366;8;0.22188118277221222),(1.9817195346063845;1.2156517163763785;8;0.2680362416283964),8,0.304034088928732,0.3055638409053773,0.3055638409053773,1.0,5.000473899999999,1
21,ageTest,genderTest,handTest,3,(1.3333333333333333;3.0;4;0.2715988779089938),(0.9591197337848683;3.926211160611996;4;0.3372988367474),(-0.046532662270001274;4.3325211026921275;4;0.36275213404478845),(-0.9428090415820632;3.9428090415820636;4;0.2874532807319563),(-1.3325211026921275;2.953467337729999;4;0.2772410099596538),(-1.0213925908253039;2.142949853751281;4;0.3876271716215595),(-0.04653266227000101;1.6674788973078725;4;0.3242660523245998),(0.909331146749998;2.0248617311744397;4;0.2565681453854999),4,0.31310068859055645,0.2504150440834777,0.2504150440834777,1.0,5.0004452000000015,1
