ID,age,gender,hand,trial,sphereOne,sphereTwo,sphereThree,sphereFour,sphereFive,sphereSix,sphereSeven,sphereEight,sphereDistance, sphereAverageRadius,probeStartingRadius,probeAnswerRadius,probeScaleFactor,probeResponseTime,probeResponseOverTimeLimit
19,ageTest,genderTest,handTest,1,(1.992389396183491;3.1743114854953163;6;0.3167395646020709),(1.3121180579810146;4.509419160445544;6;0.3935390271160561),(-0.06979899340500191;4.998781654038192;6;0.24687418387063007),(-1.3639967201249967;4.462707403238341;6;0.30574276738781475),(-2.0;3.0000000000000004;6;0.36233744738233087),(-1.4386796006773022;1.6106832590820055;6;0.20898439641358504),(-0.034904812874566996;1.0003046096872175;6;0.20023699273065199),(1.5094191604455438;1.6878819420189852;6;0.2902648854400144),6,0.29058990811789426,0.3172526885526502,0.3172526885526502,1.0,5.0138908,1
19,ageTest,genderTest,handTest,2,(1.9951281005196484;2.8604870525117496;6;0.264910915291908),(1.509419160445544;4.3121180579810146;6;0.3361963391305533),(-0.034904812874566954;4.999695390312782;6;0.2583503661730365),(-1.5320888862379558;4.285575219373079;6;0.23230858877035074),(-1.9972590695091477;2.895328087514113;6;0.2606823661317038),(-1.3893167409179945;1.5613203993226976;6;0.28735109027790695),(0.06979899340500256;1.0012183459618085;6;0.3523934797784575),(1.4386796006773017;1.6106832590820048;6;0.29399402430653965),6,0.2857733962325571,0.2898449734454255,0.6975464878824431,2.406619233691086,1.7504773,0
