ID,age,gender,hand,trial,sphereOne,sphereTwo,sphereThree,sphereFour,sphereFive,sphereSix,sphereSeven,sphereEight,sphereDistance, sphereAverageRadius,probeStartingRadius,probeAnswerRadius,probeScaleFactor,probeResponseTime,probeResponseOverTimeLimit
30,ageTest,genderTest,handTest,1,(2.665042205384255;2.9069346754599974;8;0.27225081405223917),(1.8524223212239925;4.9182394675697365;8;0.29729968779216187),(-0.23241531399375528;5.656519194911321;8;0.2476328037928195),(-1.7141002924974382;5.042785181650608;8;0.28454567449678114),(-2.656519194911321;2.7675846860062454;8;0.3493980637684192),(-1.818662293499996;1.049723462348879;8;0.3098659557943733),(-0.09306532454000202;0.33495779461574493;8;0.3523499803218157),(1.8856180831641263;1.1143819168358728;8;0.22333310329967082),8,0.29208451041478506,0.3090240382845946,0.3090240382845946,1.0,0.5854227999999999,0
30,ageTest,genderTest,handTest,2,(1.3333333333333333;3.0;4;0.380392731271155),(0.9591197337848683;3.926211160611996;4;0.3009983742049599),(0.023269875249711462;4.333130260208522;4;0.30625879096230774),(-0.8570501462487191;4.021392590825304;4;0.370930564307387),(-1.3333333333333333;3.0;4;0.21652255366503356),(-0.9751382688255608;2.090668853250002;4;0.2569650210477982),(-0.0930086316588341;1.6699145996535678;4;0.24370648036183265),(0.857050146248719;1.978607409174696;4;0.28781144315074236),4,0.29544824487140203,0.2709209981584703,0.2709209981584703,1.0,5.000835999999999,1
30,ageTest,genderTest,handTest,3,(1.992389396183491;3.1743114854953163;6;0.3565987208019167),(1.3382612127177165;4.486289650954788;6;0.2574303778393885),(1.2246467991473532e-16;5.0;6;0.36655173789997864),(-1.3382612127177165;4.486289650954788;6;0.27443612548860524),(-1.9951281005196484;3.1395129474882513;6;0.3646779503703871),(-1.4386796006773022;1.6106832590820055;6;0.3246622411196715),(0.17431148549531578;1.007610603816509;6;0.2542123092295445),(1.3382612127177156;1.5137103490452108;6;0.3528202486993854),6,0.3189237139311097,0.2539317709591543,0.2539317709591543,1.0,5.000492900000001,1
