ID,age,gender,hand,trial,sphereOne,sphereTwo,sphereThree,sphereFour,sphereFive,sphereSix,sphereSeven,sphereEight,sphereDistance, sphereAverageRadius,probeStartingRadius,probeAnswerRadius,probeScaleFactor,probeResponseTime,probeResponseOverTimeLimit
20,ageTest,genderTest,handTest,1,(1.9972590695091477;2.8953280875141125;6;0.39888125417972303),(1.3893167409179945;4.438679600677302;6;0.3496948434655403),(-0.06979899340500191;4.998781654038192;6;0.3822683819510185),(-1.462707403238341;4.363996720124997;6;0.307870815172292),(-1.9972590695091477;3.1046719124858875;6;0.28780458625864874),(-1.5094191604455443;1.687881942018986;6;0.32342610348202405),(-0.1743114854953165;1.007610603816509;6;0.22597089533404732),(1.4142135623730947;1.5857864376269046;6;0.31738445621098416),6,0.32416266700678475,0.2973951345368979,0.5607828803706051,1.8856491423232367,5.0048894,1
20,ageTest,genderTest,handTest,2,(1.992389396183491;2.8256885145046837;6;0.31575115699757444),(1.532088886237956;4.2855752193730785;6;0.3842141667333194),(0.10467191248588793;4.9972590695091474;6;0.3598777112779664),(-1.5320888862379558;4.285575219373079;6;0.22226374357592277),(-1.9951281005196484;2.8604870525117496;6;0.33184077499973413),(-1.4627074032383411;1.6360032798750033;6;0.2060353980298543),(-0.1743114854953165;1.007610603816509;6;0.35407998822163944),(1.4142135623730947;1.5857864376269046;6;0.26745180506821364),6,0.3051893431130281,0.30616225658907137,0.23988613922256774,0.7835261664684589,1.9667601999999995,0
