ID,age,gender,hand,trial,sphereOne,sphereTwo,sphereThree,sphereFour,sphereFive,sphereSix,sphereSeven,sphereEight,sphereDistance, sphereAverageRadius,probeStartingRadius,probeAnswerRadius,probeScaleFactor,probeResponseTime
16,ageTest,genderTest,handTest,1,(1.992389396183491;3.1743114854953163;6;0.23410775989175775),(1.2855752193730787;4.532088886237956;6;0.21832885140645134),(0.06979899340500216;4.998781654038192;6;0.3912184208708013),(-1.3893167409179947;4.438679600677302;6;0.39355750705958725),(-1.992389396183491;2.825688514504684;6;0.33221499650256736),(-1.3382612127177163;1.5137103490452113;6;0.38535929293065796),(0.10467191248588789;1.0027409304908523;6;0.2864056373899833),(1.3893167409179945;1.5613203993226978;6;0.33689462589503194),6,0.32226088649335477,0.29753850226699297,0.9595914069139387,3.225099943713704,2.2503724
16,ageTest,genderTest,handTest,2,(1.992389396183491;3.1743114854953163;6;0.22665224475862944),(1.462707403238341;4.363996720124997;6;0.24773855051523555),(0.06979899340500216;4.998781654038192;6;0.39962982651831147),(-1.509419160445544;4.3121180579810146;6;0.25765888411906857),(-1.9951281005196484;3.1395129474882513;6;0.28373005583273253),(-1.4862896509547885;1.6617387872822835;6;0.2870191043584172),(0.17431148549531578;1.007610603816509;6;0.38186603737948516),(1.5094191604455438;1.6878819420189852;6;0.3489077763487157),6,0.3041503099788244,0.2784228547231626,83.91756492524779,301.40329179760585,5.016848899999999
