ID,age,gender,hand,trial,sphereOne,sphereTwo,sphereThree,sphereFour,sphereFive,sphereSix,sphereSeven,sphereEight,sphereDistance, sphereAverageRadius,probeStartingRadius,probeAnswerRadius,probeScaleFactor,probeResponseTime,probeResponseOverTimeLimit
33,ageTest,genderTest,handTest,1,(2.656519194911321;2.767584686006245;8;0.3306395729857464),(1.7141002924974382;5.042785181650608;8;0.3546887721493117),(0.23241531399375503;5.656519194911321;8;0.3397014083233172),(-1.950276537651121;4.818662293499996;8;0.2455058830513827),(-2.665042205384255;2.9069346754599974;8;0.33310255691880974),(-1.7843482836236215;1.018280465393615;8;0.22501823080391037),(0.046539750499421675;0.3337394795829569;8;0.32961076283142055),(1.9182394675697356;1.1475776787760066;8;0.2237449168884349),8,0.2977515129940417,0.3234828460957284,0.5269194698600063,1.628894626777442,5.0017269,1
33,ageTest,genderTest,handTest,2,(1.3331302602085215;3.0232698752497114;4;0.3131838680156082),(0.9262111606119963;3.9591197337848683;4;0.3752650014382799),(-0.023269875249711303;4.333130260208522;4;0.2247845243330426),(-0.8747453719873428;4.006279440297029;4;0.2673820105960969),(-1.3333333333333333;3.0;4;0.33266249952378846),(-0.8570501462487192;1.9786074091746961;4;0.22807570778491082),(0.09300863165883362;1.6699145996535676;4;0.32120887972913736),(0.9751382688255609;2.090668853250002;4;0.36356451432284276),4,0.3032658757179634,0.26192984887814197,0.30321654130755915,1.1576250000000001,5.0138251,1
33,ageTest,genderTest,handTest,3,(1.9987816540381915;2.930201006594998;6;0.3046638867091775),(1.509419160445544;4.3121180579810146;6;0.24311006962479967),(0.0349048128745672;4.999695390312782;6;0.2593146410134399),(-1.3382612127177165;4.486289650954788;6;0.33258861032803155),(-1.9996953903127825;2.9650951871254327;6;0.38595900643193526),(-1.285575219373079;1.4679111137620442;6;0.3581486442715675),(0.13951294748825044;1.0048718994803514;6;0.23164835270652873),(1.3893167409179945;1.5613203993226978;6;0.36900115895267743),6,0.3105542962547697,0.34744705777686424,0.594252377777484,1.7103393581163142,5.000608399999997,1
