ID,age,gender,hand,trial,sphereOne,sphereTwo,sphereThree,sphereFour,sphereFive,sphereSix,sphereSeven,sphereEight,sphereDistance, sphereAverageRadius,probeStartingRadius,probeAnswerRadius,probeScaleFactor,probeResponseTime
12,ageTest,genderTest,handTest,1,(1.992389396183491;2.8256885145046837;6;0.27505206648975367),(1.3893167409179945;4.438679600677302;6;0.31479108248293314),(0.13951294748825047;4.995128100519649;6;0.3875287879533583),(-1.509419160445544;4.3121180579810146;6;0.28750205146710023),(-1.992389396183491;3.1743114854953163;6;0.3749039980397482),(-1.3893167409179945;1.5613203993226976;6;0.31901865008456504),(0.17431148549531578;1.007610603816509;6;0.24895226394593017),(1.4862896509547885;1.6617387872822837;6;0.28475620947812547),[0.13951294748825047, 4.995128100519649, 6, 0.3875287879533583],0.31156313874268926,0.2775719388659867,6.385477289908988,1.772429311944764
12,ageTest,genderTest,handTest,2,(1.992389396183491;3.1743114854953163;6;0.36755370721788816),(1.3893167409179945;4.438679600677302;6;0.30447645487352415),(-0.06979899340500191;4.998781654038192;6;0.269557167743136),(-1.3382612127177165;4.486289650954788;6;0.2156390438418272),(-1.992389396183491;3.1743114854953163;6;0.3068408009074127),(-1.532088886237956;1.7144247806269215;6;0.23278229195011535),(0.10467191248588789;1.0027409304908523;6;0.22557340036957563),(1.3639967201249972;1.5372925967616593;6;0.34185714828432723),[-0.06979899340500191, 4.998781654038192, 6, 0.269557167743136],0.2830350018984758,0.25430911607944434,1.0,0.25430911607944434
