ID,age,gender,hand,trial,sphereOne,sphereTwo,sphereThree,sphereFour,sphereFive,sphereSix,sphereSeven,sphereEight,sphereDistance, sphereAverageRadius,probeStartingRadius,probeAnswerRadius,probeScaleFactor,probeResponseTime,probeResponseOverTimeLimit
26,ageTest,genderTest,handTest,1,(2.6601708006928644;2.8139827366823327;8;0.23707184873295722),(1.7141002924974382;5.042785181650608;8;0.2169597548018406),(0.09306532454000288;5.665042205384255;8;0.3593881774111726),(-1.9817195346063843;4.784348283623622;8;0.31174553570046815),(-2.665042205384255;2.9069346754599974;8;0.29583056222806514),(-1.8524223212239925;1.0817605324302635;8;0.25650828494580713),(-0.04653975049942266;0.3337394795829569;8;0.3290796437197153),(1.8856180831641263;1.1143819168358728;8;0.253545870567795),8,0.2825162097634777,0.3165750134679607,0.3165750134679607,1.0,5.0019798,1
26,ageTest,genderTest,handTest,2,(2.0;3.0;6;0.2131297867103219),(1.3893167409179945;4.438679600677302;6;0.36265641929233217),(-0.17431148549531647;4.992389396183491;6;0.2468139677410094),(-1.509419160445544;4.3121180579810146;6;0.2641284408858915),(-1.9972590695091477;3.1046719124858875;6;0.2531501916665809),(-1.532088886237956;1.7144247806269215;6;0.368077459003077),(-0.13951294748825116;1.0048718994803516;6;0.21841202806367535),(1.2855752193730785;1.4679111137620438;6;0.2901197024153067),6,0.27706099947227436,0.2814647392554781,0.2814647392554781,1.0,5.0005272000000005,1
26,ageTest,genderTest,handTest,3,(1.3282595974556606;2.8837923430031225;4;0.3444956635577814),(0.8570501462487191;4.021392590825304;4;0.34889619023460694),(0.09300863165883363;4.330085400346432;4;0.24940117515366994),(-0.9428090415820632;3.9428090415820636;4;0.24163422179238786),(-1.3325211026921275;2.953467337729999;4;0.3217377514511283),(-0.959119733784868;2.073788839388004;4;0.39080980848580227),(-2.449293598294706e-16;1.6666666666666667;4;0.30892282414772626),(0.9591197337848678;2.073788839388003;4;0.24316010191710422),4,0.3061322170925259,0.29139161375340294,0.29139161375340294,1.0,5.000471400000002,1
